{"bsp_data":{"all_data":[{"MaxSize":5000,"identifier":0},{"MaxSize":5000,"identifier":2},{"MaxSize":5000,"identifier":4}],"all_data_info":[[0,{"MaxSize":"data 0","identifier":{"w":1.0,"x":0.25999999046325684,"y":0.6700000166893005,"z":0.550000011920929}}],[2,{"MaxSize":"data 1","identifier":{"w":1.0,"x":0.7400000095367432,"y":0.7400000095367432,"z":0.9200000166893005}}],[4,{"MaxSize":"data 2","identifier":{"w":1.0,"x":0.3400000035762787,"y":0.46000000834465027,"z":0.5600000023841858}}]],"plot_monitor":{"all_plots":[{"all_plot_data":[0],"autoscale":false,"name":"Plot 1","other_x_axis":false,"paused_x_axis_modifier":0.10000000149011612,"plot_height":1205.0,"time_frame":27.08984375,"x_axis":-1,"x_axis_realtime":false,"y_axis":[[0,0]]}]},"serial_manager":{"baud_rate":115200,"comport_num":2}}}